Scenario_num,a,b,c,d,e,h,m
1,4.07,2.27,3.6,0.08,0.075,1.39,8.21
2,3.8680000000000003,2.262,3.7,0.0869,0.0782,1.47,10.280000000000001
3,3.62,2.278,3.324,0.08349999999999999,0.07500000000000001,1.23,5.84
4,3.372,2.254,4.076,0.09029999999999999,0.0814,1.35,11.76
5,3.124,2.27,3.888,0.0801,0.06860000000000001,1.29,7.32
6,4.1160000000000005,2.286,3.512,0.07669999999999999,0.0718,1.41,8.8
